"ID","Status","Txn Hash","Block ID","From","To","Value","Txn Fee","Txn Gas Price","Gas Used","Method","Contract Address","Direction","Created At","Block Number"
1971964,"success","0xa3a17fa259ee37f4e02770947cbd0abac926caebd6dd9560199985e0e4e60903","d4f7c0c1-3c39-4477-83f2-bbbcdcf68137","0x6099DA7EE733eCeaD3Ef03826031E3de658f7d8F","0xb88110dFc4EF51C70bDD7DC6f1e26549EF74c08c","0","0.000000273975917818","0.000000000001000007","273974","transfer","0xb88110dFc4EF51C70bDD7DC6f1e26549EF74c08c",,"2026-01-07T02:20:16.051Z","52381825"
1970117,"success","0x6bd3c0da71de94f795e0ff51b394ff4e1cae3dd79ba0757d66a4ce38ac51f0b4","5bf0dc1e-7acd-470a-84e5-b42aca5ac79e","0x6099DA7EE733eCeaD3Ef03826031E3de658f7d8F","0xb88110dFc4EF51C70bDD7DC6f1e26549EF74c08c","0","0.000273974","0.000000001","273974","transfer","0xb88110dFc4EF51C70bDD7DC6f1e26549EF74c08c",,"2026-01-07T00:11:32.913Z","52331437"
1484517,"success","0xaa852682cee498f8a803304d1631bf92752794715f2ba78f2ce223a7737c9749","dc829cb6-b63b-45a1-8a70-92bf855623fa","0x6099DA7EE733eCeaD3Ef03826031E3de658f7d8F","0xb88110dFc4EF51C70bDD7DC6f1e26549EF74c08c","0","0.000000273975917818","0.000000000001000007","273974","transfer","0xb88110dFc4EF51C70bDD7DC6f1e26549EF74c08c",,"2025-12-18T20:15:24.063Z","43456289"
1481112,"success","0xde862905cd11f23aed1c322d29bb7ac16de13ef8ede2561c4c77508732e0be08","1a239620-3716-4767-b25d-683a7d1a0ef2","0x6099DA7EE733eCeaD3Ef03826031E3de658f7d8F","0xb88110dFc4EF51C70bDD7DC6f1e26549EF74c08c","0","0.000000273975917818","0.000000000001000007","273974","transfer","0xb88110dFc4EF51C70bDD7DC6f1e26549EF74c08c",,"2025-12-18T18:56:27.059Z","43425105"
1480991,"success","0x83fdc7fb488e7567e374c7b115657db7b750baf59af88030c516a85b8f142ac8","b43ac9d5-8703-4843-b9ea-fdc577b3fc53","0x6099DA7EE733eCeaD3Ef03826031E3de658f7d8F","0xb88110dFc4EF51C70bDD7DC6f1e26549EF74c08c","0","0.000000273975917818","0.000000000001000007","273974","transfer","0xb88110dFc4EF51C70bDD7DC6f1e26549EF74c08c",,"2025-12-18T18:52:51.929Z","43423674"
1480789,"success","0xd7a2d23efa77ac14184c6d03a6cd10d477fc62cc9e2c133a3df324bd9f9841b1","d366ed46-ae07-4cae-8395-1d90327c6cba","0x6099DA7EE733eCeaD3Ef03826031E3de658f7d8F","0xb88110dFc4EF51C70bDD7DC6f1e26549EF74c08c","0","0.000000273975917818","0.000000000001000007","273974","transfer","0xb88110dFc4EF51C70bDD7DC6f1e26549EF74c08c",,"2025-12-18T18:45:21.352Z","43420769"
1365274,"success","0x259fe5cb46fa6c64b7c909b8dbd35f1657194690acc1d33bea756b5f24ea4173","a98605a9-b7bb-45c5-9595-1eb20e7b3636","0x6099DA7EE733eCeaD3Ef03826031E3de658f7d8F","0xb88110dFc4EF51C70bDD7DC6f1e26549EF74c08c","0","0.000000291076037518","0.000000000001000007","291074","transfer","0xb88110dFc4EF51C70bDD7DC6f1e26549EF74c08c",,"2025-12-15T18:52:32.426Z","41239680"
1365064,"success","0x1c3bac9d52a65d1572d7c84af5e9b9dc0d0c97abdfd29fca3ed9a86d1602512d","4e017f44-d8d1-4cca-b23e-af24f5229d7a","0x6099DA7EE733eCeaD3Ef03826031E3de658f7d8F","0xb88110dFc4EF51C70bDD7DC6f1e26549EF74c08c","0","0.000000246703726914","0.000000000001000007","246702","transfer","0xb88110dFc4EF51C70bDD7DC6f1e26549EF74c08c",,"2025-12-15T18:39:23.679Z","41237165"
387784,"success","0x869b06801a0b4cd1a91527cd7b3176b4357c2812e2921e5567885a9e3604aaf0","09edb754-f02f-4422-a631-f43ada832206","0x6099DA7EE733eCeaD3Ef03826031E3de658f7d8F","0xb88110dFc4EF51C70bDD7DC6f1e26549EF74c08c","0","0.000000291076037518","0.000000000001000007","291074","transfer","0xb88110dFc4EF51C70bDD7DC6f1e26549EF74c08c",,"2025-11-24T17:45:45.309Z","14285755"
387777,"success","0x83881295c9ec0cf04dca554069312e9d7cbd3e4d879c9c2e3544b2a42c99fa33","57a5abb5-4e1f-4846-a637-8398a1a51e27","0x6099DA7EE733eCeaD3Ef03826031E3de658f7d8F","0xb88110dFc4EF51C70bDD7DC6f1e26549EF74c08c","0","0.000000246703726914","0.000000000001000007","246702","transfer","0xb88110dFc4EF51C70bDD7DC6f1e26549EF74c08c",,"2025-11-24T17:45:34.873Z","14283479"